scenario,system,failure_inject_phi,partition,n_trials,stale_rate,stale_ci_lo,stale_ci_hi,availability,avail_ci_lo,avail_ci_hi,failure_rate,percentile_basis,messages_mean,mlat_p50,mlat_p99,i_occupancy,neutro_bool_disagree,status
S1,centralized,0.0,none,90,0.0,0.0,0.0,1.0,1.0,1.0,0.0,all,1.0,1.8040477777777777,5.198854444444445,0.45575555555555564,0.5838888888888888,validated
S1,centralized,0.0,transient,90,0.0,0.0,0.0,0.5088333333333335,0.5026652777777777,0.5152222222222222,0.4911666666666666,success_only,1.0,1.805578888888889,4.944164444444444,0.4545333333333333,0.5781666666666666,validated
S1,centralized,0.1,none,90,0.0,0.0,0.0,0.9005,0.895888888888889,0.9050555555555557,0.09949999999999998,success_only,1.0,1.7994844444444444,5.131798888888889,0.4548555555555556,0.6382222222222222,validated
S1,centralized,0.1,transient,90,0.0,0.0,0.0,0.4519444444444445,0.44438888888888894,0.45938888888888896,0.5480555555555555,success_only,1.0,1.8049666666666666,5.093152222222222,0.45486666666666664,0.6287222222222222,validated
S1,centralized,0.3,none,90,0.0,0.0,0.0,0.7015,0.6949430555555555,0.7078888888888889,0.29850000000000004,success_only,1.0,1.7879133333333335,5.084846666666667,0.45582222222222224,0.6627222222222222,validated
S1,centralized,0.3,transient,90,0.0,0.0,0.0,0.3584444444444445,0.3517222222222222,0.3651111111111111,0.6415555555555555,success_only,1.0,1.816078888888889,4.968227777777778,0.45528888888888885,0.6396111111111111,validated
S1,lww-crdt,0.0,none,90,0.36872222222222223,0.3622777777777778,0.375,1.0,1.0,1.0,0.0,all,5.0,2.932347777777778,6.596186666666668,0.45575555555555564,0.5838888888888888,validated
S1,lww-crdt,0.0,transient,90,0.3164561666666667,0.30947759999999996,0.3236817225,0.9994444444444445,0.9991111111111112,0.9997777777777777,0.0005555555555555556,all,5.0,2.739912222222222,6.3686533333333335,0.4545333333333333,0.5781666666666666,validated
S1,lww-crdt,0.1,none,90,0.34557454444444446,0.33905555555555555,0.35248286166666665,0.9999444444444445,0.9998333333333334,1.0,5.555555555555556e-05,all,5.0,2.8465188888888893,6.484346666666667,0.4548555555555556,0.6382222222222222,validated
S1,lww-crdt,0.1,transient,90,0.31055140000000003,0.3037971461111111,0.3174449119444444,0.9971111111111112,0.9963333333333332,0.9978888888888887,0.002888888888888889,all,5.0,2.648788888888889,6.152772222222221,0.45486666666666664,0.6287222222222222,validated
S1,lww-crdt,0.3,none,90,0.29995441111111115,0.2926637413888889,0.3071904177777778,0.9942777777777778,0.9931666666666668,0.9953333333333333,0.005722222222222222,all,5.0,2.633548888888889,6.286591111111112,0.45582222222222224,0.6627222222222222,validated
S1,lww-crdt,0.3,transient,90,0.28672393333333335,0.2793601786111111,0.29406691777777777,0.9735555555555556,0.9712777777777777,0.9758888888888887,0.026444444444444444,all,5.0,2.4521966666666666,6.049013333333332,0.45528888888888885,0.6396111111111111,validated
S1,naive-cache,0.0,none,90,0.3897222222222222,0.3834430555555555,0.3962777777777777,1.0,1.0,1.0,0.0,all,0.0,0.19999999999999996,0.19999999999999996,0.45575555555555564,0.5838888888888888,validated
S1,naive-cache,0.0,transient,90,0.3944444444444444,0.38766666666666666,0.40100138888888887,1.0,1.0,1.0,0.0,all,0.0,0.19999999999999996,0.19999999999999996,0.4545333333333333,0.5781666666666666,validated
S1,naive-cache,0.1,none,90,0.38466666666666666,0.37783333333333335,0.3914444444444445,1.0,1.0,1.0,0.0,all,0.0,0.19999999999999996,0.19999999999999996,0.4548555555555556,0.6382222222222222,validated
S1,naive-cache,0.1,transient,90,0.38805555555555554,0.38055416666666664,0.3955555555555555,1.0,1.0,1.0,0.0,all,0.0,0.19999999999999996,0.19999999999999996,0.45486666666666664,0.6287222222222222,validated
S1,naive-cache,0.3,none,90,0.38383333333333325,0.3763888888888889,0.39116805555555567,1.0,1.0,1.0,0.0,all,0.0,0.19999999999999996,0.19999999999999996,0.45582222222222224,0.6627222222222222,validated
S1,naive-cache,0.3,transient,90,0.3853333333333333,0.37872222222222224,0.3917777777777778,1.0,1.0,1.0,0.0,all,0.0,0.19999999999999996,0.19999999999999996,0.45528888888888885,0.6396111111111111,validated
S1,neutro-waa,0.0,none,90,0.12061111111111114,0.11538888888888889,0.12583472222222222,1.0,1.0,1.0,0.0,all,5.0,2.932347777777778,6.596186666666668,0.45575555555555564,0.5838888888888888,validated
S1,neutro-waa,0.0,transient,90,0.15525462222222222,0.1502720352777778,0.16030500694444444,0.9994444444444445,0.999111111111111,0.9997222222222223,0.0005555555555555556,all,5.0,2.739912222222222,6.3686533333333335,0.4545333333333333,0.5781666666666666,validated
S1,neutro-waa,0.1,none,90,0.13422836666666665,0.12911725555555556,0.13934071305555557,0.9999444444444445,0.9998333333333334,1.0,5.555555555555556e-05,all,5.0,2.8465188888888893,6.484346666666667,0.4548555555555556,0.6382222222222222,validated
S1,neutro-waa,0.1,transient,90,0.1718357222222222,0.16604088416666665,0.17768958750000002,0.9971111111111112,0.9962777777777778,0.9978888888888889,0.002888888888888889,all,5.0,2.648788888888889,6.152772222222221,0.45486666666666664,0.6287222222222222,validated
S1,neutro-waa,0.3,none,90,0.17237447777777778,0.16653745472222226,0.1780722641666667,0.9942777777777778,0.9931666666666665,0.9953888888888888,0.005722222222222222,all,5.0,2.633548888888889,6.286591111111112,0.45582222222222224,0.6627222222222222,validated
S1,neutro-waa,0.3,transient,90,0.20670159999999996,0.20036907638888893,0.21272606638888888,0.9735555555555556,0.9711666666666667,0.9757777777777777,0.026444444444444444,all,5.0,2.4521966666666666,6.049013333333332,0.45528888888888885,0.6396111111111111,validated
S1,neutro-wga,0.0,none,90,0.10689128888888888,0.10090979472222221,0.11335500916666666,0.6541666666666666,0.6478319444444444,0.6606666666666666,0.34583333333333327,success_only,5.0,3.0029766666666666,6.689113333333335,0.45575555555555564,0.5838888888888888,validated
S1,neutro-wga,0.0,transient,90,0.10679256666666667,0.09947432611111111,0.11431681138888887,0.40938888888888897,0.40216666666666673,0.4163888888888889,0.5906111111111111,success_only,5.0,2.919153333333334,6.380845555555556,0.4545333333333333,0.5781666666666666,validated
S1,neutro-wga,0.1,none,90,0.10386873333333334,0.09717429222222224,0.11038433666666667,0.4272777777777778,0.42005555555555557,0.4343333333333333,0.5727222222222221,success_only,5.0,2.9710411111111115,6.478037777777778,0.4548555555555556,0.6382222222222222,validated
S1,neutro-wga,0.1,transient,90,0.10768537777777779,0.09957809500000002,0.1162563936111111,0.315,0.30833333333333335,0.3219444444444445,0.6849999999999999,success_only,5.0,2.7695555555555553,6.14852,0.45486666666666664,0.6287222222222222,validated
S1,neutro-wga,0.3,none,90,0.10514088888888888,0.09630615694444444,0.11371515166666667,0.2426111111111111,0.23605416666666662,0.24911111111111112,0.7573888888888888,success_only,5.0,2.679853333333333,5.902707777777778,0.45582222222222224,0.6627222222222222,validated
S1,neutro-wga,0.3,transient,90,0.12666075555555556,0.11741461583333333,0.1360163461111111,0.2562222222222222,0.2503888888888889,0.26199999999999996,0.7437777777777778,success_only,5.0,2.3765599999999996,5.524896666666667,0.45528888888888885,0.6396111111111111,validated
S1,quorum-bool,0.0,none,90,0.1003019111111111,0.09318964277777776,0.10768552750000002,0.41611111111111115,0.4095555555555556,0.4225,0.5838888888888888,success_only,5.0,1.8425388888888887,3.384465555555555,0.45575555555555564,0.5838888888888888,validated
S1,quorum-bool,0.0,transient,90,0.08553870000000001,0.07932538472222221,0.0916521647222222,0.42127777777777786,0.41388888888888886,0.4284444444444444,0.5787222222222221,success_only,5.0,1.845824444444444,3.7393088888888895,0.4545333333333333,0.5781666666666666,validated
S1,quorum-bool,0.1,none,90,0.10437036666666667,0.09753725749999999,0.1115052188888889,0.3617222222222222,0.35522083333333326,0.3682777777777778,0.6382777777777778,success_only,5.0,1.8911944444444446,3.5184422222222222,0.4548555555555556,0.6382222222222222,validated
S1,quorum-bool,0.1,transient,90,0.0865692888888889,0.08015037194444444,0.0937171913888889,0.3683888888888888,0.3620555555555556,0.37477777777777777,0.631611111111111,success_only,5.0,1.8947355555555558,4.0376755555555555,0.45486666666666664,0.6287222222222222,validated
S1,quorum-bool,0.3,none,90,0.09435815555555553,0.08738314805555555,0.10134706527777776,0.33155555555555555,0.3242777777777778,0.33855555555555555,0.6684444444444446,success_only,5.0,1.9249322222222223,4.044786666666667,0.45582222222222224,0.6627222222222222,validated
S1,quorum-bool,0.3,transient,90,0.09795061111111111,0.0901273713888889,0.10613737833333332,0.33394444444444443,0.32716666666666666,0.34099999999999997,0.6660555555555555,success_only,5.0,1.9342477777777778,4.4241922222222225,0.45528888888888885,0.6396111111111111,validated
S1,raft-lww,0.0,none,90,0.0,0.0,0.0,1.0,1.0,1.0,0.0,all,1.0,1.8040477777777777,5.198854444444445,0.45575555555555564,0.5838888888888888,validated
S1,raft-lww,0.0,transient,90,0.0,0.0,0.0,0.5088333333333335,0.5025000000000001,0.5153333333333333,0.4911666666666666,success_only,1.0,1.805578888888889,4.944164444444444,0.4545333333333333,0.5781666666666666,validated
S1,raft-lww,0.1,none,90,0.0,0.0,0.0,0.9005,0.8958333333333335,0.9051666666666666,0.09949999999999998,success_only,1.0,1.7994844444444444,5.131798888888889,0.4548555555555556,0.6382222222222222,validated
S1,raft-lww,0.1,transient,90,0.0,0.0,0.0,0.4519444444444445,0.44438888888888883,0.45949999999999996,0.5480555555555555,success_only,1.0,1.8049666666666666,5.093152222222222,0.45486666666666664,0.6287222222222222,validated
S1,raft-lww,0.3,none,90,0.0,0.0,0.0,0.7015,0.6946097222222222,0.7078333333333333,0.29850000000000004,success_only,1.0,1.7879133333333335,5.084846666666667,0.45582222222222224,0.6627222222222222,validated
S1,raft-lww,0.3,transient,90,0.0,0.0,0.0,0.3584444444444445,0.35183194444444443,0.3649444444444445,0.6415555555555555,success_only,1.0,1.816078888888889,4.968227777777778,0.45528888888888885,0.6396111111111111,validated
S1,single-peer,0.0,none,90,0.32516666666666666,0.31972222222222224,0.3305013888888889,1.0,1.0,1.0,0.0,all,1.0,1.788302222222222,5.1170655555555555,0.45575555555555564,0.5838888888888888,validated
S1,single-peer,0.0,transient,90,0.33140647777777776,0.3255221558333333,0.337114575,0.9994444444444445,0.9990555555555556,0.9997777777777777,0.0005555555555555556,all,1.0,1.8025322222222222,5.049631111111111,0.4545333333333333,0.5781666666666666,validated
S1,single-peer,0.1,none,90,0.32012925555555555,0.3137777777777778,0.3267959222222222,0.9999444444444445,0.9998333333333334,1.0,5.555555555555556e-05,all,1.0,1.8045411111111112,5.061584444444445,0.4548555555555556,0.6382222222222222,validated
S1,single-peer,0.1,transient,90,0.3288919444444445,0.3225068466666667,0.33518193222222226,0.9971111111111112,0.9963333333333332,0.9978888888888889,0.002888888888888889,all,1.0,1.810461111111111,5.112524444444444,0.45486666666666664,0.6287222222222222,validated
S1,single-peer,0.3,none,90,0.32546147777777784,0.3181452294444444,0.33309091055555556,0.9942777777777778,0.9931111111111112,0.9953888888888888,0.005722222222222222,all,1.0,1.7929144444444443,5.069844444444445,0.45582222222222224,0.6627222222222222,validated
S1,single-peer,0.3,transient,90,0.3274443222222222,0.3196573686111111,0.3353250827777778,0.9735555555555556,0.9711666666666667,0.9757777777777777,0.026444444444444444,all,1.0,1.7932422222222222,5.044401111111111,0.45528888888888885,0.6396111111111111,validated
S2,centralized,0.0,none,90,0.0,0.0,0.0,1.0,1.0,1.0,0.0,all,1.0,1.80643,5.072065555555556,0.4210777777777778,0.5001666666666666,validated
S2,centralized,0.0,transient,90,0.0,0.0,0.0,0.5035,0.4961097222222222,0.5111111111111111,0.49650000000000005,success_only,1.0,1.8105955555555555,5.015571111111111,0.42047777777777773,0.43872222222222224,validated
S2,centralized,0.1,none,90,0.0,0.0,0.0,0.8997777777777777,0.8950555555555555,0.9041125000000002,0.10022222222222221,success_only,1.0,1.806912222222222,5.15023,0.4224555555555556,0.5377777777777778,validated
S2,centralized,0.1,transient,90,0.0,0.0,0.0,0.4546111111111111,0.4474444444444445,0.46133333333333326,0.5453888888888889,success_only,1.0,1.7969822222222223,4.917196666666667,0.41731111111111113,0.4652222222222222,validated
S2,centralized,0.3,none,90,0.0,0.0,0.0,0.7011111111111111,0.6938875,0.7087222222222221,0.29888888888888887,success_only,1.0,1.7920111111111112,4.989991111111111,0.41894444444444445,0.49366666666666664,validated
S2,centralized,0.3,transient,90,0.0,0.0,0.0,0.3478888888888889,0.3408888888888889,0.35461111111111115,0.6521111111111112,success_only,1.0,1.799301111111111,4.789287777777777,0.42061111111111116,0.42233333333333334,validated
S2,lww-crdt,0.0,none,90,0.43894444444444447,0.43216666666666664,0.44555694444444444,1.0,1.0,1.0,0.0,all,5.0,2.922212222222222,6.6164822222222215,0.4210777777777778,0.5001666666666666,validated
S2,lww-crdt,0.0,transient,90,0.39024761111111117,0.3834482636111111,0.39694558083333337,0.9996666666666667,0.9993888888888888,0.9998888888888889,0.0003333333333333334,all,5.0,2.7337422222222227,6.458126666666667,0.42047777777777773,0.43872222222222224,validated
S2,lww-crdt,0.1,none,90,0.4161831444444444,0.40915302500000006,0.42328728888888895,0.9998333333333335,0.9996111111111111,1.0,0.00016666666666666666,all,5.0,2.823421111111111,6.509204444444445,0.4224555555555556,0.5377777777777778,validated
S2,lww-crdt,0.1,transient,90,0.3769251333333333,0.3706770327777778,0.38319672027777774,0.9960000000000002,0.995,0.9969444444444445,0.004,all,5.0,2.6297144444444447,6.384322222222223,0.41731111111111113,0.4652222222222222,validated
S2,lww-crdt,0.3,none,90,0.3761242888888889,0.36930319916666665,0.38330855555555565,0.9932222222222222,0.9920555555555555,0.9943333333333333,0.006777777777777779,all,5.0,2.624828888888889,6.217456666666668,0.41894444444444445,0.49366666666666664,validated
S2,lww-crdt,0.3,transient,90,0.3747558,0.3674149611111111,0.3822633097222222,0.9724999999999999,0.9696666666666668,0.975,0.0275,all,5.0,2.449008888888889,6.082307777777777,0.42061111111111116,0.42233333333333334,validated
S2,naive-cache,0.0,none,90,0.5062777777777777,0.4994430555555555,0.5132222222222222,1.0,1.0,1.0,0.0,all,0.0,0.19999999999999996,0.19999999999999996,0.4210777777777778,0.5001666666666666,validated
S2,naive-cache,0.0,transient,90,0.4999444444444444,0.49138750000000003,0.508501388888889,1.0,1.0,1.0,0.0,all,0.0,0.19999999999999996,0.19999999999999996,0.42047777777777773,0.43872222222222224,validated
S2,naive-cache,0.1,none,90,0.506111111111111,0.49894444444444447,0.513001388888889,1.0,1.0,1.0,0.0,all,0.0,0.19999999999999996,0.19999999999999996,0.4224555555555556,0.5377777777777778,validated
S2,naive-cache,0.1,transient,90,0.5043333333333333,0.4967208333333333,0.5121111111111112,1.0,1.0,1.0,0.0,all,0.0,0.19999999999999996,0.19999999999999996,0.41731111111111113,0.4652222222222222,validated
S2,naive-cache,0.3,none,90,0.5031666666666667,0.4955541666666666,0.5106111111111111,1.0,1.0,1.0,0.0,all,0.0,0.19999999999999996,0.19999999999999996,0.41894444444444445,0.49366666666666664,validated
S2,naive-cache,0.3,transient,90,0.5051111111111112,0.4971666666666667,0.5131125,1.0,1.0,1.0,0.0,all,0.0,0.19999999999999996,0.19999999999999996,0.42061111111111116,0.42233333333333334,validated
S2,neutro-waa,0.0,none,90,0.24339923333333335,0.23801872166666668,0.24863598277777776,0.962611111111111,0.9601666666666666,0.9649444444444444,0.03738888888888889,all,5.0,2.925168888888889,6.6396122222222225,0.4210777777777778,0.5001666666666666,validated
S2,neutro-waa,0.0,transient,90,0.2511990222222222,0.24487594555555556,0.25745228388888886,0.9077777777777778,0.9031666666666667,0.912388888888889,0.0922222222222222,success_only,5.0,2.7527177777777774,6.482135555555556,0.42047777777777773,0.43872222222222224,validated
S2,neutro-waa,0.1,none,90,0.24485122222222222,0.23848604555555558,0.25130548500000005,0.9399444444444442,0.9365555555555555,0.9433333333333332,0.06005555555555557,success_only,5.0,2.8324288888888884,6.5295000000000005,0.4224555555555556,0.5377777777777778,validated
S2,neutro-waa,0.1,transient,90,0.2610170777777778,0.2549144744444445,0.2670900219444444,0.8803333333333332,0.8753874999999998,0.8851666666666665,0.11966666666666666,success_only,5.0,2.6588800000000004,6.395650000000001,0.41731111111111113,0.4652222222222222,validated
S2,neutro-waa,0.3,none,90,0.26208088888888886,0.25450306222222224,0.2698301336111111,0.8685,0.8631652777777776,0.8737791666666669,0.1315,success_only,5.0,2.661678888888889,6.303542222222222,0.41894444444444445,0.49366666666666664,validated
S2,neutro-waa,0.3,transient,90,0.2766028111111111,0.26956562500000003,0.2839956825,0.7864999999999998,0.7803333333333332,0.7926111111111112,0.21350000000000005,success_only,5.0,2.5075255555555556,6.118003333333334,0.42061111111111116,0.42233333333333334,validated
S2,neutro-wga,0.0,none,90,0.2431733,0.23548254500000002,0.25109737916666663,0.6360555555555555,0.6298333333333335,0.6421666666666666,0.36394444444444446,success_only,5.0,2.9904088888888887,6.708552222222222,0.4210777777777778,0.5001666666666666,validated
S2,neutro-wga,0.0,transient,90,0.2453022,0.23611393027777774,0.2541354541666666,0.4123888888888889,0.4058333333333333,0.41883333333333334,0.5876111111111112,success_only,5.0,2.8954400000000002,6.51695777777778,0.42047777777777773,0.43872222222222224,validated
S2,neutro-wga,0.1,none,90,0.23521441111111108,0.22722081722222223,0.24329795444444446,0.42994444444444435,0.42210972222222215,0.43766666666666665,0.5700555555555556,success_only,5.0,2.930725555555555,6.529440000000001,0.4224555555555556,0.5377777777777778,validated
S2,neutro-wga,0.1,transient,90,0.24400521111111112,0.2336963469444444,0.2539088644444444,0.3355555555555556,0.3293319444444444,0.34194583333333334,0.6644444444444444,success_only,5.0,2.709928888888889,6.147296666666666,0.41731111111111113,0.4652222222222222,validated
S2,neutro-wga,0.3,none,90,0.24229915555555553,0.23037672555555555,0.2543570002777778,0.26222222222222225,0.2554444444444444,0.2691111111111111,0.7377777777777776,success_only,5.0,2.6940455555555554,6.147417777777778,0.41894444444444445,0.49366666666666664,validated
S2,neutro-wga,0.3,transient,90,0.2530912222222222,0.2421575963888889,0.2643082661111111,0.28777777777777774,0.2803333333333333,0.2951666666666667,0.7122222222222222,success_only,5.0,2.36295,5.847847777777776,0.42061111111111116,0.42233333333333334,validated
S2,quorum-bool,0.0,none,90,0.26512387777777774,0.2560095236111111,0.2741892494444444,0.46244444444444444,0.4551111111111112,0.46961111111111103,0.5375555555555556,success_only,5.0,1.8538100000000002,3.3562244444444445,0.4210777777777778,0.5001666666666666,validated
S2,quorum-bool,0.0,transient,90,0.21813606666666668,0.21037792305555555,0.22593493166666664,0.4690555555555556,0.462388888888889,0.4758333333333333,0.5309444444444444,success_only,5.0,1.8674088888888887,3.86042,0.42047777777777773,0.43872222222222224,validated
S2,quorum-bool,0.1,none,90,0.264852,0.2554818194444445,0.2738335688888889,0.4021666666666667,0.39461111111111113,0.4101125,0.5978333333333333,success_only,5.0,1.8846977777777778,3.5843322222222227,0.4224555555555556,0.5377777777777778,validated
S2,quorum-bool,0.1,transient,90,0.21636695555555552,0.2074706786111111,0.22560621416666668,0.4151111111111111,0.40850000000000003,0.4218333333333334,0.5848888888888889,success_only,5.0,1.8948855555555557,3.982844444444445,0.41731111111111113,0.4652222222222222,validated
S2,quorum-bool,0.3,none,90,0.23219148888888885,0.2213603730555556,0.2429421022222222,0.37483333333333324,0.3672222222222223,0.3822777777777777,0.6251666666666668,success_only,5.0,1.9271022222222218,4.127256666666667,0.41894444444444445,0.49366666666666664,validated
S2,quorum-bool,0.3,transient,90,0.2282244555555555,0.21832979305555555,0.23780709111111115,0.36416666666666664,0.3572763888888888,0.3708888888888888,0.6358333333333333,success_only,5.0,1.9541033333333335,4.546132222222222,0.42061111111111116,0.42233333333333334,validated
S2,raft-lww,0.0,none,90,0.0,0.0,0.0,1.0,1.0,1.0,0.0,all,1.0,1.80643,5.072065555555556,0.4210777777777778,0.5001666666666666,validated
S2,raft-lww,0.0,transient,90,0.0,0.0,0.0,0.5035,0.496,0.5111138888888889,0.49650000000000005,success_only,1.0,1.8105955555555555,5.015571111111111,0.42047777777777773,0.43872222222222224,validated
S2,raft-lww,0.1,none,90,0.0,0.0,0.0,0.8997777777777777,0.8951111111111112,0.9042222222222221,0.10022222222222221,success_only,1.0,1.806912222222222,5.15023,0.4224555555555556,0.5377777777777778,validated
S2,raft-lww,0.1,transient,90,0.0,0.0,0.0,0.4546111111111111,0.44772222222222224,0.46155555555555555,0.5453888888888889,success_only,1.0,1.7969822222222223,4.917196666666667,0.41731111111111113,0.4652222222222222,validated
S2,raft-lww,0.3,none,90,0.0,0.0,0.0,0.7011111111111111,0.6935000000000001,0.7086111111111111,0.29888888888888887,success_only,1.0,1.7920111111111112,4.989991111111111,0.41894444444444445,0.49366666666666664,validated
S2,raft-lww,0.3,transient,90,0.0,0.0,0.0,0.3478888888888889,0.3412222222222222,0.3548888888888889,0.6521111111111112,success_only,1.0,1.799301111111111,4.789287777777777,0.42061111111111116,0.42233333333333334,validated
S2,single-peer,0.0,none,90,0.454,0.44627777777777783,0.46172361111111115,1.0,1.0,1.0,0.0,all,1.0,1.815092222222222,5.144523333333333,0.4210777777777778,0.5001666666666666,validated
S2,single-peer,0.0,transient,90,0.44671496666666655,0.4386833202777777,0.4547439552777777,0.9996666666666667,0.9993888888888888,0.9998888888888889,0.0003333333333333334,all,1.0,1.7929288888888888,5.254602222222223,0.42047777777777773,0.43872222222222224,validated
S2,single-peer,0.1,none,90,0.45263260000000005,0.4456063972222223,0.45944182444444426,0.9998333333333335,0.9996111111111111,1.0,0.00016666666666666666,all,1.0,1.7940099999999999,5.181514444444444,0.4224555555555556,0.5377777777777778,validated
S2,single-peer,0.1,transient,90,0.4478412888888889,0.44149326916666676,0.45432996611111104,0.9960000000000002,0.9949444444444446,0.9969444444444444,0.004,all,1.0,1.8083055555555552,5.1159388888888895,0.41731111111111113,0.4652222222222222,validated
S2,single-peer,0.3,none,90,0.44641041111111107,0.43856473361111115,0.4544109044444444,0.9932222222222222,0.9920555555555555,0.9943333333333334,0.006777777777777779,all,1.0,1.7917466666666664,5.144364444444445,0.41894444444444445,0.49366666666666664,validated
S2,single-peer,0.3,transient,90,0.4550513444444444,0.4476060188888889,0.46247935972222226,0.9724999999999999,0.9698888888888888,0.9750555555555557,0.0275,all,1.0,1.8019355555555556,5.074665555555555,0.42061111111111116,0.42233333333333334,validated
S3,centralized,0.0,none,90,0.0,0.0,0.0,1.0,1.0,1.0,0.0,all,1.0,1.7986455555555558,5.121291111111111,0.4188444444444444,0.6365000000000001,validated
S3,centralized,0.0,transient,90,0.0,0.0,0.0,0.5043333333333334,0.49777777777777776,0.5112222222222222,0.4956666666666666,success_only,1.0,1.8047133333333334,4.9414,0.4196888888888889,0.6236666666666666,validated
S3,centralized,0.1,none,90,0.0,0.0,0.0,0.8976111111111112,0.8933333333333334,0.9021666666666668,0.10238888888888886,success_only,1.0,1.80061,5.344153333333333,0.41949999999999993,0.6934999999999999,validated
S3,centralized,0.1,transient,90,0.0,0.0,0.0,0.44433333333333336,0.43783333333333324,0.4507777777777778,0.5556666666666666,success_only,1.0,1.8149677777777773,4.789348888888889,0.42514444444444444,0.6739444444444443,validated
S3,centralized,0.3,none,90,0.0,0.0,0.0,0.6959444444444445,0.6888333333333334,0.7031666666666666,0.3040555555555555,success_only,1.0,1.8054544444444445,5.0121955555555555,0.42148888888888886,0.698888888888889,validated
S3,centralized,0.3,transient,90,0.0,0.0,0.0,0.3453333333333333,0.3381111111111111,0.3527222222222222,0.6546666666666666,success_only,1.0,1.8025622222222224,5.039447777777777,0.4234777777777777,0.6751111111111112,validated
S3,lww-crdt,0.0,none,90,0.36655751111111107,0.35887127916666667,0.37453910972222226,0.9998333333333334,0.9996111111111111,1.0,0.00016666666666666666,all,5.0,2.8600344444444445,6.517195555555555,0.4188444444444444,0.6365000000000001,validated
S3,lww-crdt,0.0,transient,90,0.3423155,0.3349343647222222,0.3497274027777778,0.9982777777777779,0.9976666666666666,0.9988333333333335,0.0017222222222222224,all,5.0,2.6729011111111114,6.25205111111111,0.4196888888888889,0.6236666666666666,validated
S3,lww-crdt,0.1,none,90,0.35265243333333335,0.34585301888888886,0.35923863166666675,0.999111111111111,0.9987222222222221,0.9994999999999999,0.000888888888888889,all,5.0,2.7801944444444446,6.410568888888888,0.41949999999999993,0.6934999999999999,validated
S3,lww-crdt,0.1,transient,90,0.34093868888888884,0.33286638611111113,0.3489319947222222,0.9931111111111111,0.9917777777777776,0.9943902777777779,0.00688888888888889,all,5.0,2.5911977777777775,6.316257777777778,0.42514444444444444,0.6739444444444443,validated
S3,lww-crdt,0.3,none,90,0.3374872444444445,0.3299695325,0.3448535000000001,0.9889999999999999,0.9874444444444443,0.9904999999999999,0.011000000000000001,all,5.0,2.562288888888889,6.333866666666665,0.42148888888888886,0.698888888888889,validated
S3,lww-crdt,0.3,transient,90,0.3385999666666667,0.33152930305555556,0.34586593638888885,0.9600555555555554,0.9574444444444443,0.9627222222222221,0.03994444444444445,all,5.0,2.4008244444444444,6.0737966666666665,0.4234777777777777,0.6751111111111112,validated
S3,naive-cache,0.0,none,90,0.5273333333333333,0.5203333333333334,0.5342777777777777,1.0,1.0,1.0,0.0,all,0.0,0.19999999999999996,0.19999999999999996,0.4188444444444444,0.6365000000000001,validated
S3,naive-cache,0.0,transient,90,0.5321666666666667,0.5251111111111112,0.5391666666666667,1.0,1.0,1.0,0.0,all,0.0,0.19999999999999996,0.19999999999999996,0.4196888888888889,0.6236666666666666,validated
S3,naive-cache,0.1,none,90,0.5282777777777778,0.5206666666666667,0.5359444444444444,1.0,1.0,1.0,0.0,all,0.0,0.19999999999999996,0.19999999999999996,0.41949999999999993,0.6934999999999999,validated
S3,naive-cache,0.1,transient,90,0.5265000000000001,0.5191652777777778,0.5337791666666667,1.0,1.0,1.0,0.0,all,0.0,0.19999999999999996,0.19999999999999996,0.42514444444444444,0.6739444444444443,validated
S3,naive-cache,0.3,none,90,0.5326666666666667,0.5246111111111111,0.5406111111111112,1.0,1.0,1.0,0.0,all,0.0,0.19999999999999996,0.19999999999999996,0.42148888888888886,0.698888888888889,validated
S3,naive-cache,0.3,transient,90,0.5242222222222223,0.5169986111111111,0.5317222222222223,1.0,1.0,1.0,0.0,all,0.0,0.19999999999999996,0.19999999999999996,0.4234777777777777,0.6751111111111112,validated
S3,neutro-waa,0.0,none,90,0.23570854444444445,0.2296799480555555,0.24191736666666663,0.9998333333333334,0.9996111111111111,1.0,0.00016666666666666666,all,5.0,2.8600344444444445,6.517195555555555,0.4188444444444444,0.6365000000000001,validated
S3,neutro-waa,0.0,transient,90,0.2716507000000001,0.2645837602777778,0.27862269194444444,0.9982777777777779,0.9976666666666666,0.9988333333333335,0.0017222222222222224,all,5.0,2.6729011111111114,6.25205111111111,0.4196888888888889,0.6236666666666666,validated
S3,neutro-waa,0.1,none,90,0.2518961555555555,0.24513530944444445,0.25866654666666666,0.999111111111111,0.9987222222222221,0.9994999999999999,0.000888888888888889,all,5.0,2.7801944444444446,6.410568888888888,0.41949999999999993,0.6934999999999999,validated
S3,neutro-waa,0.1,transient,90,0.28784371111111107,0.2816885063888889,0.2939948816666667,0.9931111111111111,0.9916666666666667,0.9944444444444445,0.00688888888888889,all,5.0,2.5911977777777775,6.316257777777778,0.42514444444444444,0.6739444444444443,validated
S3,neutro-waa,0.3,none,90,0.2864665666666667,0.27996543249999994,0.2930146919444444,0.9889999999999999,0.9873888888888889,0.9905000000000002,0.011000000000000001,all,5.0,2.562288888888889,6.333866666666665,0.42148888888888886,0.698888888888889,validated
S3,neutro-waa,0.3,transient,90,0.31968058888888884,0.3127497222222222,0.3262711936111112,0.9600555555555554,0.9575,0.9627222222222221,0.03994444444444445,all,5.0,2.4008244444444444,6.0737966666666665,0.4234777777777777,0.6751111111111112,validated
S3,neutro-wga,0.0,none,90,0.21280602222222228,0.20381907500000002,0.22207008527777777,0.4731111111111111,0.4656111111111112,0.4802222222222223,0.526888888888889,success_only,5.0,2.9614999999999996,6.430674444444445,0.4188444444444444,0.6365000000000001,validated
S3,neutro-wga,0.0,transient,90,0.2136662888888889,0.20434818749999997,0.22276784166666663,0.33794444444444444,0.3307208333333333,0.34533333333333327,0.6620555555555556,success_only,5.0,2.8348244444444446,6.208763333333333,0.4196888888888889,0.6236666666666666,validated
S3,neutro-wga,0.1,none,90,0.21329246666666668,0.20162903888888886,0.22540125750000004,0.3379444444444445,0.3302777777777778,0.34539027777777775,0.6620555555555556,success_only,5.0,2.894348888888889,6.27966,0.41949999999999993,0.6934999999999999,validated
S3,neutro-wga,0.1,transient,90,0.22602812222222224,0.21313534638888887,0.23938719,0.276,0.2696666666666667,0.2827236111111111,0.724,success_only,5.0,2.6669,6.1741899999999985,0.42514444444444444,0.6739444444444443,validated
S3,neutro-wga,0.3,none,90,0.21917406666666664,0.20625695527777776,0.23193466222222223,0.23361111111111113,0.22811111111111113,0.239,0.7663888888888887,success_only,5.0,2.5320722222222223,6.001083333333332,0.42148888888888886,0.698888888888889,validated
S3,neutro-wga,0.3,transient,90,0.23265457777777776,0.21942695305555557,0.24599214722222215,0.2511111111111111,0.24522222222222226,0.2571111111111112,0.7488888888888889,success_only,5.0,2.290857777777778,5.5610388888888895,0.4234777777777777,0.6751111111111112,validated
S3,quorum-bool,0.0,none,90,0.2338814555555556,0.2241866972222222,0.24339413055555553,0.3633333333333333,0.3558333333333334,0.37066666666666664,0.6366666666666667,success_only,5.0,1.8784011111111116,3.4993411111111117,0.4188444444444444,0.6365000000000001,validated
S3,quorum-bool,0.0,transient,90,0.19371832222222224,0.18459389333333337,0.20310504194444445,0.37461111111111106,0.36749999999999994,0.3814444444444444,0.625388888888889,success_only,5.0,1.8825844444444446,4.073858888888889,0.4196888888888889,0.6236666666666666,validated
S3,quorum-bool,0.1,none,90,0.22459865555555553,0.21320994916666666,0.2364161147222222,0.3056111111111111,0.2990555555555555,0.3124444444444444,0.6943888888888888,success_only,5.0,1.9090844444444444,3.567041111111111,0.41949999999999993,0.6934999999999999,validated
S3,quorum-bool,0.1,transient,90,0.19856645555555552,0.18708286277777775,0.2106693786111111,0.31916666666666665,0.31266666666666665,0.3257777777777778,0.6808333333333333,success_only,5.0,1.9115944444444446,4.238957777777778,0.42514444444444444,0.6739444444444443,validated
S3,quorum-bool,0.3,none,90,0.19307885555555554,0.18214959166666667,0.20334577,0.2901111111111111,0.2835555555555556,0.29644444444444445,0.7098888888888889,success_only,5.0,1.9370855555555557,4.281256666666668,0.42148888888888886,0.698888888888889,validated
S3,quorum-bool,0.3,transient,90,0.20537374444444445,0.19464419611111114,0.2167462586111111,0.28494444444444444,0.27866666666666673,0.2911111111111111,0.7150555555555556,success_only,5.0,1.939037777777778,4.648467777777777,0.4234777777777777,0.6751111111111112,validated
S3,raft-lww,0.0,none,90,0.0,0.0,0.0,1.0,1.0,1.0,0.0,all,1.0,1.7986455555555558,5.121291111111111,0.4188444444444444,0.6365000000000001,validated
S3,raft-lww,0.0,transient,90,0.0,0.0,0.0,0.5043333333333334,0.4975555555555556,0.510890277777778,0.4956666666666666,success_only,1.0,1.8047133333333334,4.9414,0.4196888888888889,0.6236666666666666,validated
S3,raft-lww,0.1,none,90,0.0,0.0,0.0,0.8976111111111112,0.8932777777777777,0.902,0.10238888888888886,success_only,1.0,1.80061,5.344153333333333,0.41949999999999993,0.6934999999999999,validated
S3,raft-lww,0.1,transient,90,0.0,0.0,0.0,0.44433333333333336,0.43783333333333335,0.45083333333333336,0.5556666666666666,success_only,1.0,1.8149677777777773,4.789348888888889,0.42514444444444444,0.6739444444444443,validated
S3,raft-lww,0.3,none,90,0.0,0.0,0.0,0.6959444444444445,0.6883874999999999,0.7033333333333333,0.3040555555555555,success_only,1.0,1.8054544444444445,5.0121955555555555,0.42148888888888886,0.698888888888889,validated
S3,raft-lww,0.3,transient,90,0.0,0.0,0.0,0.3453333333333333,0.3383319444444444,0.35227777777777775,0.6546666666666666,success_only,1.0,1.8025622222222224,5.039447777777777,0.4234777777777777,0.6751111111111112,validated
S3,single-peer,0.0,none,90,0.44185288888888896,0.4344057911111111,0.44946605999999995,0.9998333333333334,0.9996111111111111,1.0,0.00016666666666666666,all,1.0,1.7972255555555554,5.006843333333334,0.4188444444444444,0.6365000000000001,validated
S3,single-peer,0.0,transient,90,0.45059999999999995,0.44249749138888883,0.4588147966666667,0.9982777777777779,0.9976111111111111,0.9988888888888888,0.0017222222222222224,all,1.0,1.8029322222222224,5.135111111111112,0.4196888888888889,0.6236666666666666,validated
S3,single-peer,0.1,none,90,0.44235202222222225,0.4356192891666666,0.4489623563888889,0.999111111111111,0.9987222222222221,0.9994999999999999,0.000888888888888889,all,1.0,1.7976788888888888,5.178068888888889,0.41949999999999993,0.6934999999999999,validated
S3,single-peer,0.1,transient,90,0.44626399999999994,0.4383360522222221,0.4543969622222223,0.9931111111111111,0.9916666666666667,0.9944999999999999,0.00688888888888889,all,1.0,1.794421111111111,5.145901111111111,0.42514444444444444,0.6739444444444443,validated
S3,single-peer,0.3,none,90,0.44528887777777776,0.4384906116666666,0.45195594138888895,0.9889999999999999,0.9874444444444443,0.9905000000000002,0.011000000000000001,all,1.0,1.7935533333333338,5.259135555555556,0.42148888888888886,0.698888888888889,validated
S3,single-peer,0.3,transient,90,0.4432902666666666,0.43566555972222226,0.4505420863888889,0.9600555555555554,0.9575,0.9626111111111112,0.03994444444444445,all,1.0,1.7973344444444443,5.12333,0.4234777777777777,0.6751111111111112,validated
